UnitId,IsActive
7581207439,0
7581206340,0
7581205877,0
7581205892,1
7581206223,1
7580830550,1
7581206339,0
7581206518,1
7581205813,1
7581207580,1
7581213780,0
7581207386,1
7581205789,0
7581207858,1
7581207423,1
7581206652,0
7581206330,0
7581210736,0
7581206075,0
7581206455,0
7581205955,0
7581210730,1
7581205640,0
7581101513,0
7581206727,0
7581207405,1
7581205632,1
7581032366,1
7581207554,0
7581207610,1
7581207339,1
7581206747,0
7581101150,0
7581208214,1
7581206731,1
7581205777,1
7581205122,1
7581205872,0
7581207425,0
7581208265,0
7581205691,1
7580831055,0
7581206279,0
7581206617,1
7290808210,1
7581206438,0
7581213030,1
7581206484,0
7581207882,0
7581205815,0
7581207190,0
7581206530,1
7581205668,0
7581207154,0
7581206357,1
7581207151,1
7581205853,1
7581212979,0
7581207390,0
7581207618,0
7581206417,1
7580830972,0
7581205130,0
7581205827,0
7581206334,0
7581206326,1
7581031297,0
7581205127,1
7581205994,0
7580830678,0
7581205790,1
7581032990,1
7581206254,0
7581205121,0
7581205263,0
7581206328,0
7581205692,1
7581205585,1
7581205977,0
7581208247,0
7581207528,0
7581205677,0
7581205980,0
7581205880,0
7581207191,1
7581205826,1
7581206464,1
7581101739,1
7581206440,0
7581206209,0
7581206512,0
7581206244,1
7581206276,0
7581206252,0
7581205150,0
7581206116,1
7581205244,0
7581206329,1
7581206349,1
7581206253,0
7581205984,1
7581206224,0
7581206490,1
7290808203,0
7581205806,0
7581206730,0
7581103473,1
7581205926,1
7581205685,0
7581206620,1
7581206459,1
7581207361,0
7581205811,1
7581206235,1
7581205246,0
7581205909,1
7581205951,0
7581205157,1
7580208025,0
7581205268,1
7581205114,0
7581206304,1
7581206538,0
7581208067,0
7581206201,0
7581208176,0
7581205698,0
7581207438,0
7581206204,0
7581207169,1
7581205680,0
7581206627,0
7581205985,1
7581205803,0
7581207399,0
7581205657,0
7581205230,1
7581211059,1
7581205203,1
7580831014,0
7200622556,0
7200622374,1
7200623072,1
7200622084,0
7200622793,1
7200623415,0
7200622754,0
7200623941,0
7200622752,1
7200408582,1
7200623032,0
7200622047,0
7200623669,1
7200408024,0
7200622679,1
7200623989,1
7200622732,0
7200623354,1
7200622080,0
7200622977,0
7200623044,0
7200623831,0
7200408832,1
7200408638,0
7200622881,0
7200622798,0
7200622879,0
7200622401,0
7200622350,1
7200623065,0
7200408766,1
7200622103,1
7200623145,1
7200622016,0
7200623956,0
7200623533,1
7200623963,0
7200408752,1
7200622985,1
7200623213,0
7200622467,0
7200623707,0
7200622599,1
7200622411,1
7200623706,0
7200622598,0
7200622416,0
7200408626,1
7200622027,1
7200622355,0
7200622801,1
7200408788,1
7200622823,1
7200623628,1
7200622897,0
7200622228,1
7200622492,0
7291213085,0
7200622721,0
7200622039,1
7200622017,1
7200622522,1
7200622753,0
7200622682,1
7200623822,0
7200623616,0
7200623704,0
7200622330,1
7200622769,0
7200622901,1
7200623287,0
7200622432,0
7200623646,0
7200408542,0
7200622286,0
7200622714,0
7200622988,1
7200408785,1
7291213109,0
7200623057,0
7200408557,0
7200408781,0
7200622142,1
7200622476,1
7200622527,1
7200623775,0
7200622509,1
7200622375,0
7200622020,0
7200623797,0
7200622015,1
7200622038,0
7200623879,0
7200408624,0
7200623010,0
7200623212,1
7200622009,1
7200622384,0
7200622272,1
7200622389,0
7200623685,1
7200622109,1
7200623266,1
7200408213,1
7200622997,1
7200622335,0
7200622604,1
7200408817,1
7200622833,1
7200408836,1
7200623636,1
7200622684,1
7291213010,0
7200622006,1
7200623561,1
7200623514,1
7200622037,1
7200622996,0
7200622143,1
7200408644,1
7291213243,1
7200622255,0
7200408695,0
7200408621,0
7200622046,0
7200622403,1
7200622520,1
7200408830,1
7200623807,0
7200623030,0
7200622014,0
7291213146,0
7200622019,1
7200623040,0
7200623992,0
7200622082,0
7200408710,1
7200622582,1
7291213192,1
7200408650,0
7200623763,0
7200622051,1
7200622061,0
7200622262,0
7200622575,0
7200623919,0
7200623826,0
7200622321,1
7200622809,1
7200408739,1
7200623942,0
7200623224,0
7200623011,1
7200622588,0
7200623686,0
7200622706,1
7200622035,1
7200622068,1
7200623679,1
7200623866,0
7200623829,1
7200623698,0
7200623848,0
7200622702,0
7200622206,0
7200623177,0
7200623614,1
7200623650,0
7200623226,1
7200623378,0
7200408822,1
7200408479,0
7200623156,0
7200408620,1
7200623610,0
7200622168,1
7200622348,1
7200622770,0
7200623924,0
7200622675,1
7200622991,0
7200623768,0
7200408606,1
7200622085,0
7200622018,0
7200623280,1
7200623314,0
7200622806,0
7200622233,0
7200622514,0
7200623795,0
7200623291,0
7200622028,0
7200623813,0
7200622485,1
7200408687,0
7200622343,1
7200623069,0
7200623718,1
7291213064,0
7200623680,1
7291213320,1
7200623043,1
7200622022,1
7200622021,1
7200622156,1
7200622328,1
7200622529,1
7200623073,0
7200408776,0
7200622362,1
7200622148,1
7200623570,1
7200623063,1
7200623261,0
7200622324,0
7200622746,1
7200623675,0
7200622197,0
7200622848,1
7200622341,1
7200622316,0
7200408554,1
7200622351,1
7200623490,0
7200623589,1
7200622544,0
7200622891,0
7200623766,0
7200622697,0
7200623155,0
7200623849,1
7200622773,0
7200623885,1
7200623018,1
7200622415,1
7200622412,1
7200623817,0
7200623310,1
7200622586,0
7200622369,0
7200622487,0
7200623584,0
7200622491,0
7200622854,0
7200622245,1
7200623647,0
7200622873,1
7200622620,1
7200623678,0
7200623815,0
7200622029,0
7200622693,1
7200622856,0
7200623022,0
7200623587,0
7200622140,1
7200623908,1
7200623788,0
7200622660,0
7200623035,0
7200622131,1
7200622171,1
7200623439,1
7200622067,1
7200622718,0
7200623321,1
7200623580,0
7200622194,0
7200622387,1
7200622073,1
7200622108,1
7200622044,0
7200622301,1
7200622617,0
7200622570,1
7200623971,1
7200623451,1
7200623531,1
7200623677,0
7291213007,0
7200622307,1
7200622658,0
7200622590,1
7200622001,0
7200622644,1
7200622052,1
7200623279,0
7200622222,1
7200622099,0
7200622353,1
7200622153,0
7200622659,1
7200622215,1
7200408051,0
7200622062,0
7200623182,1
7200623778,0
7200623714,1
7291213235,1
7200622594,0
7200622232,1
7200622826,1
7200623827,1
7200623754,0
7200622075,1
7200622059,1
7200623522,0
7200623527,1
7200622589,0
7200622101,0
7200622832,0
7200622859,1
7200622670,1
7200408017,0
7200623927,1
7200622430,0
7200622364,0
7200622755,1
7200623791,0
7200408242,1
7200622323,1
7200622216,1
7200623947,1
7200622339,1
7200622235,1
7200622949,0
7200408627,1
7200623532,0
7200622561,1
7200622678,0
7200408673,1
7200622198,1
7200408802,0
7291213231,0
7200623940,0
7200408398,1
7200408569,0
7200623061,0
7200622076,1
7200623421,1
7200408593,0
7200622312,1
7200408844,0
7200408473,1
7200623042,0
7200623720,1
7200408794,1
7200622733,1
7200408013,1
7200622855,0
7200622786,1
7200622202,0
7200623811,1
7200622990,0
7200623052,1
7200623717,1
7200622327,0
7200408493,1
7200623031,0
7200623625,0
7200408587,0
7200622060,1
7200408670,0
7200623737,1
7200622884,0
7200623634,0
7200623414,1
7200622266,1
7291213082,0
7291213022,0
7200623736,1
7200623409,0
7200622026,1
7291213273,1
7200622735,1
7200622708,0
7200623501,0
7200622510,1
7200623025,1
7200623974,1
7200622930,0
7200622763,1
7200623796,1
7200622065,1
7200408258,1
7200408410,1
7200622725,1
7200408669,0
7200408596,1
7200622428,1
7200408633,1
7200622013,0
7291213097,1
7200622984,0
7200622072,0
7200622040,1
7291213058,0
7200622902,1
7200623697,0
7200408579,0
7291213089,1
7200623670,0
7200622424,1
7200622347,0
7200623493,0
7200622890,1
7200622155,0
7200623710,0
7291213164,0
7200622410,0
7200623176,0
7200623635,0
7200623168,0
7200408655,1
7200623024,1
7200623308,0
7200408623,1
7200408514,1
7200622154,0
7291213041,1
7200623878,1
7200622329,1
7200408575,1
7200622141,1
7200408664,1
7200623693,1
7200408795,0
7200622601,1
7200623845,1
7200408507,0
7200623834,1
7200623205,0
7291213205,1
7200622449,1
7200623272,0
7200623684,0
7200623920,0
7200408748,1
7200622376,0
7200622919,0
7200622089,0
7200622182,1
7200623151,0
7200623733,0
7200623398,1
7200408648,1
7200622605,1
7200622687,1
7200623367,0
7200622695,0
7200622691,1
7200622707,1
7200622157,0
7200623609,0
7200408550,1
7200622345,1
7200623051,0
7200408663,1
7200623776,1
7200623830,1
7200622459,1
7200622201,0
7200408555,0
7200622982,0
7200622226,0
7200623802,0
7200408543,1
7200622820,1
7200623026,0
7200622283,1
7200408838,1
7200408765,0
7200623548,0
7200408510,0
7200623039,0
7200623755,0
7200623019,1
7200622533,1
7200623559,0
7200623806,0
7200623339,1
7200623683,1
7200622318,1
7200623794,0
7200622742,0
7200622181,1
7200623103,1
7200408502,1
7200623246,1
7200623961,1
7200623064,0
7200623896,0
7200623905,0
7200623169,0
7200622124,0
7200623002,0
7200622521,1
7200623111,0
7200623336,0
7200623206,0
7200623410,0
7200623643,0
7200623982,0
7200408712,1
7200622744,1
7200623268,0
7200623658,0
7200623818,0
7200622585,1
7200622835,0
7200623077,1
7200622872,0
7200622728,1
7200623953,0
7200622724,0
7200622196,1
7200622843,0
7200622513,0
7200622916,0
7200622005,0
7200622421,0
7200408060,1
7200622743,1
7200622787,0
7200622528,1
7200623012,1
7200623050,0
7200623258,1
7200622999,0
7200622055,0
7200622994,1
7200623037,0
7200622100,1
7200622306,0
7200623913,0
7200623006,0
7200408495,1
7200408474,1
7200623036,0
7200408751,0
7200623965,0
7200408601,1
7200622883,1
7200622081,1
7200623666,0
7200623701,0
7200622256,0
7200622045,1
7200623038,0
7200622671,1
7200622625,1
7200622471,0
7200622993,0
7200622137,1
7200623540,1
7200622091,0
7200622523,1
7200622672,0
7200622511,0
7200623979,1
7200622378,1
7200408738,0
7200623810,1
7200408499,1
7200623576,0
7200622781,1
7200623867,0
7200622050,1
7200623508,1
7200622079,1
7200623626,0
7291213127,0
7200623723,0
7200623959,0
7291213255,0
7200622167,0
7200408728,1
7200623484,1
7200623740,0
7200622372,1
7200622423,0
7200408525,1
7200408508,0
7200408685,1
7200623004,0
7200622213,1
7200408578,0
7200623442,0
7200623690,1
7200408486,0
7200622209,1
7291213061,1
7200622847,0
7200622104,1
7200623366,0
7200622470,1
7200622898,1
7200623498,0
7200623573,1
7200623672,0
7291213051,0
7200623575,0
7200623080,0
7200622569,1
7200622508,0
7200623257,1
7200623808,0
7200623847,0
7200623633,0
7200408812,1
7200623201,0
7200623388,1
7200623814,1
7200623759,0
7200622325,0
7200408647,0
7200622179,0
7200623028,0
7200623899,0
7200408496,1
7200623389,1
7200622425,1
7200622489,1
7200622545,1
7200622130,1
7200623856,1
7200623705,0
7200623047,0
7200622309,0
7200622464,1
7200622995,0
7200622780,1
7200623823,0
7200623209,1
7200623483,0
7291213131,0
7291213317,0
7200408547,0
7200408825,1
7200622236,0
7200408591,1
7200622808,0
7200623893,1
7200408845,1
7200622223,0
7200623515,0
7200623288,0
7200408808,0
7200622953,0
7200623150,1
7200622344,0
7200623852,0
7200622636,1
7200623571,0
7200623054,1
7200622987,1
7200408489,1
7200622778,0
7200623477,0
7200622983,0
7200623239,1
7200622273,1
7291213132,0
7200622564,1
7200623222,1
7291213056,1
7200622647,0
7200622701,1
7200622885,1
7200408509,1
7200622269,0
7291213138,0
7200622127,0
7200622003,0
7200623739,0
7200622745,1
7200622439,1
7200623637,1
7200622041,1
7200622842,1
7200623023,0
7291213214,1
7200623269,0
7200622932,0
7200623422,0
7200623868,0
7200623458,1
7200622011,0
7200623689,0
7200622396,0
7200622004,1
7200623676,0
7200622191,0
7200623726,0
7200408692,1
7200408504,1
7200622392,0
7200408727,0
7200408487,1
7200622839,0
7200408789,0
7200623977,0
7291213212,0
7200623624,0
7200622418,1
7200622536,0
7200623152,1
7200408016,0
7200623846,0
7200622390,0
7200623535,0
7200623884,0
7200408607,0
7200623281,0
7200622535,0
7581205223,1
7581205665,0
7581206599,0
7290808019,1
7290808029,0
7200623000,1
7200623449,1
7200623774,1
7200623724,0
7200623027,0
7200408036,1
7200622681,0
7200622734,0
7200623600,0
7200622135,1
7200622319,0
7200622469,1
7200408800,0
7200622646,1
7200623764,0
7200622337,0
7200623932,1
7200622837,1
7200622878,0
7200622199,0
7200623948,1
7200623833,0
7200622094,1
7200623615,0
7291213092,0
7200622481,0
7200622166,1
7291213163,0
7200623605,0
7200623519,0
7200622164,0
7200623858,0
7200623394,1
7200623363,0
7200623738,1
7200623799,0
7200622729,0
7200622212,1
7200408561,0
7200622559,0
7200622159,0
7200408851,0
7200623772,0
7200622577,0
7200623191,0
7200623364,0
7200622776,1
7200623837,0
7200622876,0
7200622285,1
7200408801,1
7200622186,0
7200622284,0
7280202310,1
7200408274,1
7200622524,0
7200623809,1
7200408744,1
7200622265,1
7200622087,1
7200622385,0
7200623972,0
7200622811,1
7200622478,1
7200623897,1
7200623003,1
7200622553,0
7200623503,1
7200622128,1
7200623382,1
7200623005,0
7200622698,1
7291213081,0
7200622247,0
7200623476,0
7200622373,0
7200622107,0
7200622024,0
7200622486,0
7200408841,0
7200622185,1
7200623474,0
7200623017,0
7200622349,0
7200623820,0
7200623789,1
7200622069,1
7200622192,0
7200622333,1
7200623528,1
7200408604,1
7200623016,0
7200623995,1
7200622398,0
7200622593,0
7200623472,1
7200623180,0
7200623097,1
7200622218,0
7200623577,0
7200622356,1
7200408518,1
7200623751,1
7200408820,1
7200622404,0
7200622518,1
7200623545,0
7200623805,0
7200408827,1
7200623812,1
7200622443,1
7200622552,0
7200622066,1
7200622097,1
7200622549,1
7200623550,1
7200623015,0
7200622452,1
7200623001,0
7200622736,1
7200622712,1
7200623393,0
7200622012,0
7200622036,1
7200623596,1
7200623891,1
7200623381,0
7200622503,0
7200623322,1
7200623021,0
7200622442,0
7200623008,1
7200622305,0
7200622543,1
7200622174,1
7200408806,0
7200622031,1
7200622248,1
7200408551,0
7200623917,0
7200408690,1
7290808063,1
3100000959,0
3100000827,1
3100000835,1
3100000783,1
3100000896,1
3100000884,1
3100000802,0
3100000924,0
3100000794,1
3100000843,1
3100000920,1
3100000810,1
3100000850,1
3100000853,0
3100000915,0
3100000862,0
3100000821,1
3100000926,1
3100000779,0
3100000811,0
3100000847,1
7200623193,1
7581207143,1
7200408780,0
3100000823,1
3100000867,1
3100000795,1
3100000837,1
3100000899,1
3100000817,1
3100000971,1
3100000793,1
3100000822,0
3100000939,1
3100000885,1
3100000775,1
3100000814,1
3100000796,1
3100000807,1
3100000905,0
3100000806,1
3100000785,1
3100000909,1
7200623369,0
3100000874,0
3100000711,0
3100000832,1
3100000784,0
3100000946,1
3100000858,0
3100000791,1
3100000934,0
3100000968,1
3100000910,1
3100000880,1
3100000882,1
3100000851,0
3100000887,0
3100000777,1
3100000960,1
3100000932,0
3100000928,1
3100000825,1
3100000890,0
3100000833,1
3100000815,1
3100000921,0
3100000883,0
3100000839,1
3100000866,0
3100000956,1
3100000962,0
3100000836,0
3100000790,1
3100000780,1
3100000826,0
3100000788,1
3100000965,1
3100000902,1
3100000778,1
3100000772,1
3100000969,1
3100000917,1
3100000781,1
3100000930,0
3100000805,1
3100000834,1
3100000800,1
3100000816,1
3100000820,1
3100000931,1
3100000936,1
3100000892,1
3100000842,0
3100000809,1
3100000953,1
3100000937,1
3100000831,1
3100000819,0
3100000923,1
3100000773,0
3100000799,1
3100000878,1
3100000803,1
3100000852,1
3100000919,1
3100000963,1
3100000955,1
3100000957,0
3100000935,0
3100000941,1
3100000860,1
3100000868,1
3100000846,1
3100000863,1
3100000864,0
3100000813,1
3100000950,0
3100000879,1
3100000961,1
3100000929,1
3100000903,1
3100000786,1
7200408814,0
3100000889,1
3100000865,1
3100000776,0
3100000901,1
3100000970,1
3100000856,1
3100000859,1
3100000943,1
3100000966,1
3100000861,1
3100000908,1
3100000876,1
3100000914,1
3100000888,1
3100000907,1
3100000906,1
3100000897,1
3100000844,1
3100000782,1
3100000927,1
3100000922,1
3100000881,1
3100000829,1
3100000964,1
3100000911,0
7581102440,1
3100000830,0
3100000798,1
3100000913,1
3100000942,1
3100000873,1
3100000792,0
3100000894,1
3100000828,1
3100000933,1
3100000954,1
3100000854,1
3100000801,1
3100000869,1
3100000948,0
3100000804,1
3100000841,1
3100000916,1
3100000952,1
3100000886,1
3100000838,1
3100000947,0
3100000949,1
3100000912,1
7200408009,1
2000003393,0
2000003367,1
2000003370,0
2000003353,0
03100000783,1
2000003351,1
03100000971,1
8013531326,0
8013532259,1
8013531537,1
8013532017,0
8013531317,1
8013531612,1
8013532635,1
8013531605,0
8013531805,1
8013532816,1
8013532866,1
8013532056,1
8013532655,1
8013532122,1
8013532028,0
8013532703,1
8013532116,0
8013532167,1
8013531175,1
8013531872,1
8013532757,1
8013531937,1
8013531640,1
8013531120,1
8013531922,1
8013532061,1
8013531887,1
8013532814,1
8013531712,1
8013531811,1
8013531336,1
8013532284,1
8013532013,0
8013530426,1
8013531608,1
8013531717,1
8013531813,1
2000003369,1
8013531294,0
8013532835,1
8013532269,0
8013532836,1
8013531398,1
8013531604,1
8013532503,1
8013532179,1
8013531859,1
8013531514,1
8013531455,1
8013531681,1
8013532786,1
8013532748,1
8013532162,0
8013532584,1
8013532801,1
8013530829,1
8013531325,1
8013531814,1
8013532832,0
8013532079,1
8013532730,1
8013532471,1
8013532213,1
8013531521,1
8013530826,1
8013531497,1
8013531412,1
8013532645,0
8013531871,1
8013532036,1
8013532434,0
8013532621,0
8013531501,1
8013532576,1
8013532528,1
8013531960,1
8013531958,1
8013532516,1
8013531285,0
8013532622,1
8013532159,1
8013530506,1
8013532554,0
8013532072,1
8013531377,1
8013532019,1
8013531387,1
8013531476,1
8013531586,1
8013530705,1
8013531157,0
8013532265,1
8013531504,1
8013531837,0
8013532078,1
8013532205,0
8013531000,1
8013532467,1
8013532418,0
8013531578,1
8013531275,1
8013532759,0
8013531853,1
8013532099,1
8013532796,1
8013531551,1
8013532007,0
8013532629,1
8013530674,1
8013532181,1
8013532138,1
8013532374,1
8013531486,1
8013532354,1
8013532359,1
8013532825,1
8013532338,1
8013532608,1
8013531350,1
8013532549,1
8013532371,1
8013532101,1
8013531687,1
8013531934,1
8013531840,0
8013532599,1
8013532127,1
8013531559,1
8013532015,0
8013531561,1
8013532340,1
8013531654,1
8013531557,1
8013532509,1
8013532272,1
8013532311,1
8013531177,1
8013532498,0
8013532064,1
8013532128,1
8013532033,1
8013531413,1
8013532728,0
8013531861,1
8013531626,0
8013531011,0
8013532644,1
8013532852,1
8013532322,1
8013531911,1
7581205499,0
7200622543 ,1
8013532336,1
8013532456,1
8013530838,1
8013531563,1
8013532183,0
8013531201,1
8013531087,1
8013532870,1
8013531530,1
8013531879,1
8013532875,1
8013532062,0
8013531428,1
8013532637,1
8013532833,1
8013531913,1
8013532232,1
8013531851,1
8013531748,1
8013531511,0
8013532246,0
8013531791,1
8013531463,1
8013532507,1
8013532194,1
8013532587,1
8013531340,1
8013532104,0
8013531740,1
8013531628,1
8013532874,1
8013532562,1
8013532804,1
8013532422,1
8013531732,1
8013532701,1
8013530311,1
8013530749,0
8013532473,1
8013532102,1
8013532274,1
8013532550,1
8013530326,0
8013532466,1
8013531690,1
8013531961,1
8013532256,0
8013531625,1
8013531585,1
8013531615,1
8013531357,1
2000003388,1
8013532319,1
8013531964,1
8013532140,0
8013531821,1
8013531195,1
8013532448,1
8013531750,0
8013532529,0
8013532457,1
8013530683,1
8013532410,1
8013531918,1
8013531993,1
8013531571,1
8013532527,1
8013531883,1
8013532797,1
2000003348,1
03100000775,1
2000003396,0
8013532673,0
8013532620,1
8013532508,1
8013531857,1
8013532566,1
8013531423,1
8013532383,1
8013531787,1
8013531599,0
8013532718,1
8013532394,0
8013531535,1
8013532465,0
8013531938,1
8013530844,1
8013530789,1
8013531570,1
8013531307,1
8013532535,1
8013532510,1
8013532731,1
8013532856,1
8013531063,1
8013532455,1
8013532776,1
8013531569,1
8013531836,1
8013531380,1
8013531562,1
8013532086,1
8013532726,1
8013531824,1
8013532556,1
8013531337,1
8013531869,1
8013532727,1
8013531933,0
8013532845,1
8013531265,1
8013532768,1
8013530781,1
8013532691,1
8013532468,1
8013532697,0
8013532403,1
8013531363,1
8013532581,1
8013531844,1
8013531266,1
8013532521,1
8013532204,1
8013531577,1
8013532386,0
8013532600,1
8013531313,1
8013532692,1
8013532698,0
8013531691,1
8013531826,1
8013532858,1
8013531389,1
8013532716,1
8013531344,1
8013531834,1
8013531950,1
8013532706,0
8013532806,1
8013531452,1
8013532817,1
8013532485,1
8013531526,1
8013532702,1
8013532575,1
8013531789,1
8013532348,1
8013531065,1
8013531291,0
8013532537,1
8013532000,0
8013532224,1
8013531515,1
8013532223,0
8013531172,1
8013531633,1
8013532191,1
8013530989,1
8013532050,1
8013530706,0
8013532408,1
8013531874,1
8013531489,0
8013532785,1
8013532402,0
8013532052,1
8013531208,1
8013530635,1
8013532065,1
8013532911,1
8013532729,1
8013532522,1
8013532543,1
8013532353,1
8013531904,1
8013531278,1
8013532029,0
8013531954,1
8013532480,1
8013532609,0
8013531952,1
8013531816,1
8013532878,1
8013531299,1
8013532654,1
8013532733,0
8013532003,1
8013530779,1
8013531400,1
8013532846,1
8013531820,1
8013532103,1
8013532161,1
8013532112,1
8013531343,1
8013532532,0
8013530809,1
3100000871,1
8013532378,1
8013532501,1
8013532249,1
8013530787,1
8013530910,1
8013532346,1
8013532427,1
8013531746,1
8013532298,0
8013531095,1
8013531843,1
8013531255,1
8013531290,0
8013531047,1
8013531034,0
8013532355,1
8013531679,0
8013531709,0
8013532339,1
8013532658,1
8013530818,1
8013531564,0
8013531819,1
8013532051,1
8013531411,0
8013530999,1
8013532461,1
8013531744,1
8013531593,0
8013530750,1
8013532219,1
8013530447,1
8013531634,1
8013532289,1
8013531430,1
8013532879,1
8013532132,1
8013532630,1
8013531310,1
8013530413,1
8013531272,1
8013532433,1
8013532144,1
8013532357,1
03100000885,1
03100000896,1
8013531909,1
8013532245,1
8013532309,1
8013532277,1
8013531847,1
8013532744,1
8013532424,1
8013531385,0
8013531573,1
8013531802,1
8013532884,1
8013532404,1
8013532536,1
8013531214,1
8013532551,1
8013531494,1
8013531589,1
8013531467,1
8013531584,0
8013531068,1
8013531990,1
8013531973,0
8013532724,1
8013531742,1
8013531786,1
8013532089,1
8013531464,1
8013532406,1
8013531809,1
8013531329,1
8013532589,1
8013532769,1
8013531776,1
8013531616,1
8013530912,1
8013532486,1
8013532260,0
8013531663,1
8013530973,1
8013531391,1
8013531061,0
8013531335,1
8013531806,1
8013532841,1
8013532146,1
8013531627,1
8013532613,1
8013531702,1
8013531864,1
8013531984,1
8013531701,1
8013532683,1
8013531895,1
8013532351,1
8013532811,0
8013531831,1
8013532100,1
8013531835,1
8013532417,1
8013531316,1
8013532057,0
8013532441,1
8013532253,1
8013532519,1
8013531848,1
8013531304,1
8013532661,1
8013532369,1
8013531761,0
8013532491,0
8013532250,1
8013531632,1
8013532276,0
8013530518,0
8013532011,1
8013532131,0
8013530318,1
8013531487,1
8013532828,1
8013531424,0
8013532751,1
8013531550,1
8013532766,1
8013531361,1
8013532119,0
8013532633,1
8013531947,1
8013531650,1
8013531498,1
8013532570,1
8013532484,1
8013531810,1
8013531406,1
8013532612,1
8013532882,1
8013531974,1
8013531775,1
8013532023,0
8013531322,1
8013532025,1
8013531295,1
8013532773,1
8013532595,1
8013530786,1
8013532074,0
8013532717,1
8013532373,1
8013531921,1
8013531755,1
8013531513,0
8013532075,1
8013532871,0
8013532582,1
8013531574,0
8013531611,1
8013531649,0
8013531822,1
8013532864,1
8013532004,1
8013532738,1
8013531892,1
8013531747,0
8013531924,1
8013532583,1
8013532198,1
8013532014,1
8013531926,1
8013532135,1
8013532676,1
8013532515,1
8013531639,1
8013531447,1
8013532783,1
8013532430,1
8013532546,1
8013532423,0
8013531985,1
8013531801,1
8013532060,0
8013531817,0
8013532069,1
8013530727,1
8013532005,1
8013532016,1
8013531989,0
8013532344,0
8013532107,1
8013531912,1
8013531637,1
8013531484,1
8013532642,0
8013532876,1
8013531296,0
8013532446,1
8013532027,1
8013530830,1
8013532705,1
8013531610,0
8013532763,1
8013531804,1
8013532653,1
8013532847,1
8013532784,1
8013531692,0
8013531741,0
8013531540,0
8013531693,0
8013531893,0
8013532842,0
8013531439,1
8013531287,1
8013532682,1
8013532840,0
8013532552,1
8013532558,1
8013532054,1
8013531582,1
8013531545,1
8013531759,1
8013532591,0
8013531546,1
8013532877,1
8013531659,1
8013532839,0
8013532395,1
8013532364,1
8013532685,1
8013532476,1
8013531257,1
8013532580,1
8013532793,1
8013532387,1
8013532087,1
8013532210,1
8013532740,1
8013531623,1
8013532746,1
8013532707,0
8013532390,1
8013531261,0
8013532579,1
8013531379,1
8013531751,1
8013531133,1
8013532664,1
8013532690,1
8013531269,1
8013531983,1
8013532531,0
8013531339,0
8013531785,0
8013532670,1
8013532849,1
8013532823,1
8013531474,1
8013531565,1
8013532805,1
8013532437,1
8013530872,1
8013530687,1
8013532421,1
8013532447,1
8013532299,1
8013531963,1
8013532426,1
8013532659,1
8013531808,1
8013532767,0
8013531332,1
7200622841,0
7200623368,1
3100000845,1
3100000857,1
8013531885,1
8013532240,0
7200408702,1
3100000824,1
7291213103,1
7200622574,1
8013532327,1
7200623139,1
8013531713,1
7200623160,1
7200408667,0
7200623828,1
7200622694,1
8013532263,1
7200622291,1
7200623459,1
7200622096,1
7200622534,1
7200622393,0
7200623842,1
7291213226,1
3100000900,1
7200622030,1
3100000789,1
8013531583,1
7200623719,0
7200622616,1
8013532302,1
7200623045,1
8013531349,1
8013531951,1
8013532723,1
8013532202,1
7200622170,1
8013532819,1
7200623395,0
7200408694,1
8013532142,1
7200622311,0
8013532331,1
7200622989,0
7200622583,1
8013532452,1
8013531378,1
8013531458,1
7200623464,1
8013531672,1
8013530748,1
8013531764,1
8013532674,1
7200622058,1
8013531369,0
8013531940,1
7200622049,1
8013531795,1
8013532616,1
7200622613,0
7200622077,1
8013531873,1
8013532860,1
7200623170,0
7200622713,0
7200622136,1
8013532385,1
7200622380,1
7200623770,0
7200623892,1
8013532428,1
8013531466,1
8013532732,1
3100000870,1
8013530788,1
3100000797,1
8013532713,1
7200622438,1
8013532518,1
7200408506,0
7200408773,1
7200623013,0
8013530772,1
7200622115,1
8013531945,1
7200622420,1
8013532663,1
3100000812,0
7200623708,1
8013530846,1
8013532252,1
7200623518,1
7200622395,1
7200622573,1
7200623338,0
3100000893,1
7200622512,1
8013532400,0
8013531427,1
7200622858,1
7200623029,1
7200622792,1
7200622008,0
7200623187,1
8013532712,0
8013531972,1
3100000855,1
7200623405,1
3100000940,1
8013531190,1
7200622581,0
7200623887,1
7200623007,1
8013532379,1
7200622126,1
7200622268,1
3100000891,1
8013531395,1
8013531587,1
8013531472,1
8013531792,1
8013532469,1
7200623793,1
7200622093,1
8013532765,1
8013531980,1
7200622010,0
8013532753,1
7200622360,1
8013532201,1
3100000967,1
7200408713,0
7200623524,0
7200622700,1
7200622187,1
7200623379,0
7200622686,0
8013531531,1
7200623853,1
8013532303,1
7200622762,1
7200622193,1
8013531688,1
7200622346,1
7200622095,1
8013532831,1
8013532435,1
7200623985,1
3100000872,1
7200622043,1
7200622800,1
7200622716,0
7291213065,1
8013532141,1
8013532208,1
8013532810,1
7200623960,1
8013531524,1
7200623534,1
8013532679,1
3126130009,1
8013531258,1
8013531607,1
8013532826,1
8013531752,1
8013531790,1
7200622178,1
8013531730,1
8013530849,1
8013531889,1
8013532211,1
8205300893,1
7200408625,1
3100000787,1
7200623009,1
7200408640,1
7200623667,1
8013532602,1
3100000848,1
7200622244,1
7200622853,1
8013530780,1
7200408646,0
3100000895,1
7200408609,1
7200622722,1
2000007811,1
3125150000,1
3100000875,1
8013532520,1
8013532368,1
8013532493,1
8013531354,1
8013532239,1
8013531566,1
7200622815,1
8013532680,1
8013532095,1
3100000958,1
8013532308,1
7200622188,1
8013531333,1
3100000849,1
7200622177,1
8013531731,1
8013532788,1
8013532809,0
8013531591,1
3126130002,1
3126130003,1
3126130004,1
3126130005,1
3126130006,1
3126130010,1
3126130011,1
3126130012,1
3126130013,1
3126130014,1
3126130015,1
3126130017,0
3126130018,1
3126130021,1
3126130022,1
3126130024,1
3126130025,1
3126130026,1
3126130027,1
3126130028,1
3126130029,1
3126130030,1
3126130031,1
3126130034,0
3126130035,1
3126130036,1
3126130037,1
3126130038,1
3126130039,1
8013532792,0
8013532652,1
8013531928,1
8013531105,1
8013531841,1
8013531440,1
8013532571,1
8013530450,1
8013531631,0
8013532396,1
8013532675,1
8205300457,1
7200623688,1
3126130040,1
3126130041,1
3126130042,1
3126130043,1
3126130044,1
3126130045,1
3126130046,1
3126130048,1
3126130049,1
3126130050,1
3126130051,1
3126130052,1
3126130053,1
3126130054,1
3126130055,1
3126130057,1
3126130058,1
3126130061,1
3126130062,1
3126130063,1
3126130064,1
3126130066,1
3126130069,1
3126130070,1
3126130071,1
3126130072,1
3126130073,1
3126130074,1
3126130075,1
3126130076,1
3126130077,1
3126130078,1
3126130079,1
3126130080,1
3126130081,1
3126130082,1
3126130083,1
3126130084,1
3126130086,1
3126130087,1
3126130088,1
3126130089,1
3126130090,1
3126130091,1
3126130093,1
3126130094,1
3126130095,1
3126130096,1
3126130097,1
3126130098,1
3126130099,1
7200408584,1
8013531419,1
8013531930,0
8205300265,0
8205300702,1
8205300397,1
8205300366,1
8205300488,1
8205300872,1
8205300804,1
8205300814,1
3126130068,1
3126130001,1
3126130023,1
8013531283,1
3126130100,1
8013531948,1
8013531793,1
8013531823,1
8013531444,0
3100000945,1
3100000904,1
8013532221,1
8013531877,1
7200623694,1
7581206519,1
8013531833,1
8013532034,1
8013532859,1
8013532586,1
8013530842,1
8013532781,1
8013531473,1
8013531718,1
8013532671,1
8013531866,1
7200622263,0
8013531197,1
8013531396,1
8013531917,1
8013532782,1
7200622785,1
7200622023,1
8013532752,1
8013532206,1
8013532603,0
8013532257,1
7581205924,1
7200408519,1
8013532851,1
8013531429,1
8013530754,1
8013532192,1
8013532149,1
8013532399,1
8013532500,1
8013530778,1
8013531936,1
8013532361,1
8013532382,1
8013532481,1
7200623074,1
8013532812,1
8013532200,1
8013532514,1
8013532315,1
8013532634,1
8013532646,1
8013532350,1
8013532010,1
7200408665,1
3100000898,1
8013532803,1
8013531760,1
8013532771,1
7200623703,1
8013531674,1
8013532648,1
7200622308,1
8013531493,1
7200622426,1
8013531884,1
7200622399,1
8013532045,1
8013532425,1
8013532762,1
8013532553,1
8013531783,1
8013531598,1
8205200304,1
8205300013,1
8205300047,1
8205300048,1
8205300060,1
8205300081,1
8205300096,1
8205300097,1
8205300106,1
8205300107,1
8205300117,1
8205300120,1
8205300122,1
8205300126,1
8205300138,1
8205300146,1
8205300155,1
8205300156,1
8205300168,1
8205300169,1
8205300185,1
8205300227,1
8205300229,1
8205300234,1
8205300235,1
8205300239,1
8205300244,1
8205300252,1
8205300281,1
8205300287,1
8205300297,1
8205300301,1
8205300302,1
8205300312,1
8205300320,1
8205300327,1
8205300339,1
8205300346,1
8205300361,1
8205300371,1
8205300376,1
8205300377,1
8205300383,1
8205300396,1
7291213156,1
8013531315,1
7200622560,1
7200622490,1
8013531178,1
7200622114,1
3100000840,1
8205300402,1
8205300405,1
8205300410,1
8205300412,1
8205300416,1
8205300430,1
8205300438,1
8205300445,1
8205300450,1
8205300464,1
8205300467,1
8205300472,1
8205300482,1
8205300483,1
8205300502,1
8205300505,1
8205300509,1
8205300513,1
8205300514,1
8205300515,1
8205300516,1
8205300517,1
8205300522,1
8205300523,1
8205300528,1
8205300530,1
8205300535,1
8205300542,1
8205300544,1
8205300549,1
8205300558,1
8205300562,1
8205300567,1
8205300571,1
8205300576,1
8205300579,1
8205300584,1
8205300589,1
8205300596,1
8205300599,1
8205300602,1
8205300604,1
8205300606,1
8205300613,1
8205300625,1
8205300628,1
8205300642,1
8205300650,1
8205300653,1
8205300659,1
8205300660,1
3100000938,0
8013532505,1
8013531655,1
7200623199,0
8013532008,1
8013532719,1
8013532822,1
8013531965,1
8013531618,1
8205300662,1
8205300664,1
8205300666,1
8205300668,0
8205300670,1
8205300672,1
8205300674,1
8205300675,1
8205300679,1
8205300680,1
8205300681,1
8205300683,1
8205300684,1
8205300686,1
8205300689,1
8205300690,1
8205300699,1
8205300703,1
8205300705,1
8205300706,1
8205300708,1
8205300715,1
8205300716,1
8205300718,1
8205300721,1
8205300731,1
8205300734,0
8205300736,1
8205300738,1
8205300740,1
8205300742,1
8205300743,1
8205300744,1
8205300746,1
8205300752,1
8205300756,1
8205300761,1
8205300763,1
8205300769,0
8205300782,1
8205300783,1
8205300785,1
8205300789,1
8205300791,1
8205300792,1
8205300807,1
8205300808,1
8013531852,1
8013532627,1
8013531179,1
3100000774,0
8013532559,1
7200623267,1
8013531603,1
7200622450,0
8013531196,1
8205300810,1
8205300812,1
8205300819,1
8205300822,1
8205300826,1
8205300827,1
8205300831,1
8205300832,1
8205300834,1
8205300835,1
8205300836,1
8205300837,1
8205300838,1
8205300839,1
8205300840,1
8205300841,1
8205300843,1
8205300853,1
8205300854,1
8205300855,1
8205300857,1
8205300858,1
8205300859,0
8205300871,1
8205300873,1
8205300878,1
8205300879,1
8205300880,1
8205300883,1
8205300887,1
8205300889,1
8205300890,1
8205300892,1
8205300895,1
7200622088,1
8205300398,1
8205300232,1
8205300203,1
8205300803,1
8205300201,1
8205300654,1
8205300639,1
8205300399,1
8205300730,1
8205300806,1
8205300815,1
8013532139,1
7200623326,1
3100000918,1
8013531549,1
8013531953,1
8013531946,1
3126130019,1
3126130033,1
3126130060,1
3126130007,1
3126130056,1
3126130065,1
3126130020,1
3126130085,1
3126130047,1
3126130008,1
3126130032,1
3126130016,1
7200622092,1
3100000877,1
3100000951,1
8013530998,1
7200622145,1
8013531360,1
3126130067,1
8013532360,1
3126130092,1
3126130059,1
8205300707,1
7200623543,1
8013532647,1
8013531505,1
7581205265,1
7200622986,0
7200408044,1
7200623756,1
7200623836,0
7200623055,0
8052602030,1
7581205659,1
7200623529,0
7200622048,1
7200622578,1
8052602059,1
8052602026,1
8052602027,1
8052602003,1
8052602004,1
8052602005,1
8052602006,1
8052602007,1
8052602009,1
8052602011,1
8052602012,1
8052602014,1
8052602016,1
8052602017,1
8052602018,1
8052602020,1
8052602021,1
8052602022,1
8052602024,1
8052602025,1
8052602028,1
8052602029,1
8052602032,1
8052602033,1
8052602034,1
8052602035,1
8052602037,1
8052602038,1
8052602039,1
8052602041,1
8052602043,1
8052602044,1
8052602050,1
8052602052,1
8052602053,1
8052602054,1
8052602055,1
8052602057,1
8052602060,1
8052602061,1
8052602064,1
8052602066,1
8052602067,1
8052602068,1
8052602069,1
8052602071,1
8052602073,1
8052602077,1
8052602080,1
8052602082,1
8052602083,1
8052602084,1
8052602085,1
8052602086,1
8052602087,1
8052602088,1
8052602090,1
8052602092,1
8052602093,1
8052602094,1
7200623297,1
8052602096,1
8052602097,1
8052602098,1
8052602100,1
8052602101,1
8052602102,1
8052602104,1
8052602106,1
8052602107,1
8052602108,1
8052602110,1
8052602111,1
8052602112,1
8052602113,1
8052602114,1
8052602115,1
8052602116,1
8052602117,1
8052602121,1
8052602122,1
8052602124,1
8052602125,1
8052602126,1
8052602127,1
8052602129,1
8052602130,1
8052602131,1
8052602132,1
8052602133,1
8052602134,1
8052602135,1
8052602136,1
8052602138,1
8052602139,1
7200408674,0
3100000925,1
8052602058,1
8052602036,1
3100000944,1
8052602089,1
7200408560,1
8052602079,1
7200623607,0
8205300436,1
7200622054,0
8052602076,1
7200623687,0
7581205101,0
3100000818,1
022043741371,0
037061365861,0
7200622799,0
7291213114,1
8205300479,1
7200408848,1
